最后更新时间,地区,所属地区,现有确诊人数,累计确诊人数,累计治愈人数,累计死亡人数,新增确诊
2021-08-21 13:06:03,地区待确认,台湾,1529,15906,13550,827,9
2021-08-21 13:06:03,扬州,江苏,479,590,111,0,1
2021-08-21 13:06:03,南京,江苏,144,329,185,0,0
2021-08-21 13:06:03,境外输入,江苏,14,134,120,0,0
2021-08-21 13:06:03,淮安,江苏,12,78,66,0,0
2021-08-21 13:06:03,宿迁,江苏,3,16,13,0,0
2021-08-21 13:06:03,南通,江苏,0,40,40,0,0
2021-08-21 13:06:03,盐城,江苏,0,27,27,0,0
2021-08-21 13:06:03,常州,江苏,0,51,51,0,0
2021-08-21 13:06:03,苏州,江苏,0,87,87,0,0
2021-08-21 13:06:03,无锡,江苏,0,55,55,0,0
2021-08-21 13:06:03,徐州,江苏,0,79,79,0,0
2021-08-21 13:06:03,连云港,江苏,0,48,48,0,0
2021-08-21 13:06:03,镇江,江苏,0,12,12,0,0
2021-08-21 13:06:03,泰州,江苏,0,37,37,0,0
2021-08-21 13:06:03,地区待确认,江苏,-3,0,3,0,0
2021-08-21 13:06:03,境外输入,云南,288,615,327,0,3
2021-08-21 13:06:03,德宏州,云南,43,216,173,0,0
2021-08-21 13:06:03,昭通市,云南,0,25,25,0,0
2021-08-21 13:06:03,昆明,云南,0,53,53,0,0
2021-08-21 13:06:03,保山市,云南,0,9,9,0,0
2021-08-21 13:06:03,玉溪,云南,0,14,13,1,0
2021-08-21 13:06:03,红河,云南,0,9,9,0,0
2021-08-21 13:06:03,曲靖,云南,0,13,13,0,0
2021-08-21 13:06:03,大理,云南,0,13,13,0,0
2021-08-21 13:06:03,西双版纳州,云南,0,15,14,1,0
2021-08-21 13:06:03,文山州,云南,0,2,2,0,0
2021-08-21 13:06:03,普洱,云南,0,4,4,0,0
2021-08-21 13:06:03,楚雄州,云南,0,4,4,0,0
2021-08-21 13:06:03,丽江市,云南,0,7,7,0,0
2021-08-21 13:06:03,临沧,云南,0,1,1,0,0
2021-08-21 13:06:03,郑州,河南,121,295,169,5,0
2021-08-21 13:06:03,境外输入,河南,30,82,52,0,0
2021-08-21 13:06:03,商丘,河南,15,106,88,3,0
2021-08-21 13:06:03,开封,河南,7,33,26,0,0
2021-08-21 13:06:03,驻马店,河南,4,143,139,0,0
2021-08-21 13:06:03,安阳,河南,1,54,53,0,0
2021-08-21 13:06:03,许昌,河南,1,40,38,1,0
2021-08-21 13:06:03,三门峡,河南,0,7,6,1,0
2021-08-21 13:06:03,漯河,河南,0,36,36,0,0
2021-08-21 13:06:03,周口,河南,0,76,75,1,0
2021-08-21 13:06:03,南阳,河南,0,156,153,3,0
2021-08-21 13:06:03,信阳,河南,0,274,272,2,0
2021-08-21 13:06:03,济源示范区,河南,0,5,5,0,0
2021-08-21 13:06:03,新乡,河南,0,57,54,3,0
2021-08-21 13:06:03,焦作,河南,0,32,31,1,0
2021-08-21 13:06:03,平顶山,河南,0,58,57,1,0
2021-08-21 13:06:03,洛阳,河南,0,31,30,1,0
2021-08-21 13:06:03,濮阳,河南,0,17,17,0,0
2021-08-21 13:06:03,鹤壁,河南,0,19,19,0,0
2021-08-21 13:06:03,地区待确认,河南,-8,0,8,0,0
2021-08-21 13:06:03,境外输入,上海,98,2045,1947,0,2
2021-08-21 13:06:03,浦东,上海,6,75,69,0,5
2021-08-21 13:06:03,松江,上海,1,15,14,0,0
2021-08-21 13:06:03,崇明,上海,0,4,4,0,0
2021-08-21 13:06:03,宝山,上海,0,26,25,1,0
2021-08-21 13:06:03,黄浦,上海,0,22,21,1,0
2021-08-21 13:06:03,长宁,上海,0,14,14,0,0
2021-08-21 13:06:03,境外来沪,上海,0,1,1,0,0
2021-08-21 13:06:03,外地来沪,上海,0,113,112,1,0
2021-08-21 13:06:03,嘉定,上海,0,9,7,2,0
2021-08-21 13:06:03,徐汇,上海,0,18,17,1,0
2021-08-21 13:06:03,静安,上海,0,16,15,1,0
2021-08-21 13:06:03,青浦,上海,0,6,6,0,0
2021-08-21 13:06:03,虹口,上海,0,7,7,0,0
2021-08-21 13:06:03,奉贤,上海,0,9,9,0,0
2021-08-21 13:06:03,杨浦,上海,0,9,9,0,0
2021-08-21 13:06:03,普陀,上海,0,11,11,0,0
2021-08-21 13:06:03,闵行,上海,0,19,19,0,0
2021-08-21 13:06:03,金山,上海,0,4,4,0,0
2021-08-21 13:06:03,地区待确认,上海,-1,0,1,0,0
2021-08-21 13:06:03,张家界,湖南,65,77,12,0,0
2021-08-21 13:06:03,株洲,湖南,27,109,82,0,0
2021-08-21 13:06:03,益阳,湖南,3,63,60,0,0
2021-08-21 13:06:03,湘潭,湖南,2,38,36,0,0
2021-08-21 13:06:03,湘西自治州,湖南,2,10,8,0,0
2021-08-21 13:06:03,长沙,湖南,2,244,240,2,0
2021-08-21 13:06:03,境外输入,湖南,1,53,52,0,0
2021-08-21 13:06:03,衡阳,湖南,0,48,48,0,0
2021-08-21 13:06:03,娄底,湖南,0,76,76,0,0
2021-08-21 13:06:03,怀化,湖南,0,40,40,0,0
2021-08-21 13:06:03,永州,湖南,0,44,44,0,0
2021-08-21 13:06:03,郴州,湖南,0,39,39,0,0
2021-08-21 13:06:03,常德,湖南,0,82,82,0,0
2021-08-21 13:06:03,岳阳,湖南,0,156,155,1,0
2021-08-21 13:06:03,邵阳,湖南,0,102,101,1,0
2021-08-21 13:06:03,地区待确认,湖南,-1,0,1,0,0
2021-08-21 13:06:03,荆门,湖北,42,971,888,41,1
2021-08-21 13:06:03,武汉,湖北,36,50380,46475,3869,0
2021-08-21 13:06:03,境外输入,湖北,7,61,54,0,0
2021-08-21 13:06:03,黄冈,湖北,5,2912,2782,125,0
2021-08-21 13:06:03,荆州,湖北,2,1582,1528,52,0
2021-08-21 13:06:03,鄂州,湖北,1,1395,1335,59,0
2021-08-21 13:06:03,黄石,湖北,0,1015,976,39,0
2021-08-21 13:06:03,孝感,湖北,0,3518,3389,129,0
2021-08-21 13:06:03,仙桃,湖北,0,575,553,22,0
2021-08-21 13:06:03,宜昌,湖北,0,931,894,37,0
2021-08-21 13:06:03,襄阳,湖北,0,1175,1135,40,0
2021-08-21 13:06:03,天门,湖北,0,496,481,15,0
2021-08-21 13:06:03,潜江,湖北,0,198,189,9,0
2021-08-21 13:06:03,恩施州,湖北,0,252,245,7,0
2021-08-21 13:06:03,神农架,湖北,0,11,11,0,0
2021-08-21 13:06:03,随州,湖北,0,1307,1262,45,0
2021-08-21 13:06:03,咸宁,湖北,0,836,821,15,0
2021-08-21 13:06:03,十堰,湖北,0,672,664,8,0
2021-08-21 13:06:03,境外输入,广东,81,1434,1353,0,4
2021-08-21 13:06:03,中山,广东,1,68,67,0,0
2021-08-21 13:06:03,汕头,广东,0,25,25,0,0
2021-08-21 13:06:03,东莞,广东,0,102,101,1,0
2021-08-21 13:06:03,深圳,广东,0,431,428,3,0
2021-08-21 13:06:03,佛山,广东,0,101,101,0,0
2021-08-21 13:06:03,广州,广东,0,523,522,1,0
2021-08-21 13:06:03,湛江,广东,0,23,23,0,0
2021-08-21 13:06:03,汕尾,广东,0,6,6,0,0
2021-08-21 13:06:03,河源,广东,0,5,5,0,0
2021-08-21 13:06:03,珠海,广东,0,98,97,1,0
2021-08-21 13:06:03,地区待确认,广东,0,0,0,0,0
2021-08-21 13:06:03,揭阳,广东,0,10,10,0,0
2021-08-21 13:06:03,江门,广东,0,23,23,0,0
2021-08-21 13:06:03,梅州,广东,0,16,16,0,0
2021-08-21 13:06:03,肇庆,广东,0,19,18,1,0
2021-08-21 13:06:03,阳江,广东,0,14,14,0,0
2021-08-21 13:06:03,惠州,广东,0,62,62,0,0
2021-08-21 13:06:03,茂名,广东,0,14,14,0,0
2021-08-21 13:06:03,韶关,广东,0,10,9,1,0
2021-08-21 13:06:03,清远,广东,0,12,12,0,0
2021-08-21 13:06:03,潮州,广东,0,5,5,0,0
2021-08-21 13:06:03,地区待确认,香港,76,12049,11761,212,2
2021-08-21 13:06:03,境外输入,福建,43,480,437,0,1
2021-08-21 13:06:03,厦门,福建,4,39,35,0,0
2021-08-21 13:06:03,莆田,福建,0,56,56,0,0
2021-08-21 13:06:03,漳州,福建,0,20,20,0,0
2021-08-21 13:06:03,地区待确认,福建,0,0,0,0,0
2021-08-21 13:06:03,宁德,福建,0,26,26,0,0
2021-08-21 13:06:03,龙岩,福建,0,6,6,0,0
2021-08-21 13:06:03,南平,福建,0,20,20,0,0
2021-08-21 13:06:03,三明,福建,0,14,14,0,0
2021-08-21 13:06:03,泉州,福建,0,47,47,0,0
2021-08-21 13:06:03,福州,福建,0,72,71,1,0
2021-08-21 13:06:03,境外输入,天津,39,311,272,0,1
2021-08-21 13:06:03,宁河区,天津,0,4,4,0,0
2021-08-21 13:06:03,北辰区,天津,0,7,7,0,0
2021-08-21 13:06:03,宝坻区,天津,0,60,58,2,0
2021-08-21 13:06:03,河北区,天津,0,12,12,0,0
2021-08-21 13:06:03,津南区,天津,0,2,2,0,0
2021-08-21 13:06:03,南开区,天津,0,6,6,0,0
2021-08-21 13:06:03,河东区,天津,0,15,14,1,0
2021-08-21 13:06:03,滨海新区,天津,0,13,13,0,0
2021-08-21 13:06:03,和平区,天津,0,6,6,0,0
2021-08-21 13:06:03,外地来津,天津,0,6,6,0,0
2021-08-21 13:06:03,武清区,天津,0,2,2,0,0
2021-08-21 13:06:03,东丽区,天津,0,4,4,0,0
2021-08-21 13:06:03,河西区,天津,0,4,4,0,0
2021-08-21 13:06:03,西青区,天津,0,4,4,0,0
2021-08-21 13:06:03,红桥区,天津,0,2,2,0,0
2021-08-21 13:06:03,境外输入,山东,28,134,106,0,0
2021-08-21 13:06:03,烟台,山东,11,58,47,0,0
2021-08-21 13:06:03,潍坊,山东,0,44,44,0,0
2021-08-21 13:06:03,济宁,山东,0,260,260,0,0
2021-08-21 13:06:03,济南,山东,0,47,47,0,0
2021-08-21 13:06:03,菏泽,山东,0,18,18,0,0
2021-08-21 13:06:03,淄博,山东,0,30,29,1,0
2021-08-21 13:06:03,枣庄,山东,0,24,24,0,0
2021-08-21 13:06:03,青岛,山东,0,80,79,1,0
2021-08-21 13:06:03,泰安,山东,0,35,33,2,0
2021-08-21 13:06:03,威海,山东,0,38,37,1,0
2021-08-21 13:06:03,日照,山东,0,16,16,0,0
2021-08-21 13:06:03,临沂,山东,0,49,49,0,0
2021-08-21 13:06:03,德州,山东,0,37,35,2,0
2021-08-21 13:06:03,聊城,山东,0,38,38,0,0
2021-08-21 13:06:03,滨州,山东,0,15,15,0,0
2021-08-21 13:06:03,境外输入,浙江,35,201,166,0,2
2021-08-21 13:06:03,金华,浙江,0,55,55,0,0
2021-08-21 13:06:03,省十里丰监狱,浙江,0,36,36,0,0
2021-08-21 13:06:03,丽水,浙江,0,17,17,0,0
2021-08-21 13:06:03,舟山,浙江,0,10,10,0,0
2021-08-21 13:06:03,衢州,浙江,0,14,14,0,0
2021-08-21 13:06:03,台州,浙江,0,147,147,0,0
2021-08-21 13:06:03,绍兴,浙江,0,42,42,0,0
2021-08-21 13:06:03,嘉兴,浙江,0,46,46,0,0
2021-08-21 13:06:03,湖州,浙江,0,10,10,0,0
2021-08-21 13:06:03,温州,浙江,0,504,503,1,0
2021-08-21 13:06:03,宁波,浙江,0,157,157,0,0
2021-08-21 13:06:03,杭州,浙江,0,181,181,0,0
2021-08-21 13:06:03,境外输入,四川,46,619,573,0,0
2021-08-21 13:06:03,成都,四川,4,163,156,3,0
2021-08-21 13:06:03,宜宾,四川,1,13,12,0,0
2021-08-21 13:06:03,泸州,四川,1,25,24,0,0
2021-08-21 13:06:03,甘孜,四川,0,78,78,0,0
2021-08-21 13:06:03,绵阳,四川,0,23,23,0,0
2021-08-21 13:06:03,雅安,四川,0,8,8,0,0
2021-08-21 13:06:03,自贡,四川,0,9,9,0,0
2021-08-21 13:06:03,攀枝花,四川,0,16,16,0,0
2021-08-21 13:06:03,德阳,四川,0,18,18,0,0
2021-08-21 13:06:03,凉山,四川,0,13,13,0,0
2021-08-21 13:06:03,阿坝,四川,0,1,1,0,0
2021-08-21 13:06:03,资阳,四川,0,4,4,0,0
2021-08-21 13:06:03,眉山,四川,0,8,8,0,0
2021-08-21 13:06:03,巴中,四川,0,24,24,0,0
2021-08-21 13:06:03,达州,四川,0,42,42,0,0
2021-08-21 13:06:03,广安,四川,0,30,30,0,0
2021-08-21 13:06:03,南充,四川,0,39,39,0,0
2021-08-21 13:06:03,乐山,四川,0,3,3,0,0
2021-08-21 13:06:03,内江,四川,0,22,22,0,0
2021-08-21 13:06:03,遂宁,四川,0,17,17,0,0
2021-08-21 13:06:03,广元,四川,0,6,6,0,0
2021-08-21 13:06:03,地区待确认,四川,-23,0,23,0,0
2021-08-21 13:06:03,境外输入,北京,21,275,254,0,2
2021-08-21 13:06:03,房山,北京,5,25,20,0,0
2021-08-21 13:06:03,昌平,北京,2,32,30,0,0
2021-08-21 13:06:03,海淀,北京,1,83,82,0,0
2021-08-21 13:06:03,朝阳,北京,1,81,80,0,0
2021-08-21 13:06:03,延庆,北京,0,1,1,0,0
2021-08-21 13:06:03,怀柔,北京,0,8,8,0,0
2021-08-21 13:06:03,顺义,北京,0,45,45,0,0
2021-08-21 13:06:03,大兴,北京,0,134,134,0,0
2021-08-21 13:06:03,丰台,北京,0,273,273,0,0
2021-08-21 13:06:03,密云,北京,0,7,7,0,0
2021-08-21 13:06:03,外地来京,北京,0,25,25,0,0
2021-08-21 13:06:03,西城,北京,0,59,59,0,0
2021-08-21 13:06:03,石景山,北京,0,15,15,0,0
2021-08-21 13:06:03,东城,北京,0,19,19,0,0
2021-08-21 13:06:03,通州,北京,0,20,11,9,0
2021-08-21 13:06:03,门头沟,北京,0,5,5,0,0
2021-08-21 13:06:03,地区待确认,北京,-5,5,10,0,0
2021-08-21 13:06:03,境外输入,广西,14,36,22,0,0
2021-08-21 13:06:03,桂林,广西,0,32,32,0,0
2021-08-21 13:06:03,北海,广西,0,44,43,1,0
2021-08-21 13:06:03,防城港,广西,0,19,19,0,0
2021-08-21 13:06:03,来宾,广西,0,11,11,0,0
2021-08-21 13:06:03,柳州,广西,0,24,24,0,0
2021-08-21 13:06:03,河池,广西,0,28,27,1,0
2021-08-21 13:06:03,南宁,广西,0,56,56,0,0
2021-08-21 13:06:03,玉林,广西,0,11,11,0,0
2021-08-21 13:06:03,钦州,广西,0,8,8,0,0
2021-08-21 13:06:03,贵港,广西,0,8,8,0,0
2021-08-21 13:06:03,梧州,广西,0,5,5,0,0
2021-08-21 13:06:03,百色,广西,0,3,3,0,0
2021-08-21 13:06:03,贺州,广西,0,4,4,0,0
2021-08-21 13:06:03,境外输入,辽宁,8,113,105,0,0
2021-08-21 13:06:03,沈阳,辽宁,4,78,74,0,0
2021-08-21 13:06:03,大连,辽宁,1,162,161,0,0
2021-08-21 13:06:03,丹东,辽宁,0,11,11,0,0
2021-08-21 13:06:03,营口,辽宁,0,11,11,0,0
2021-08-21 13:06:03,铁岭,辽宁,0,8,8,0,0
2021-08-21 13:06:03,抚顺,辽宁,0,1,1,0,0
2021-08-21 13:06:03,朝阳市,辽宁,0,6,5,1,0
2021-08-21 13:06:03,本溪,辽宁,0,3,3,0,0
2021-08-21 13:06:03,葫芦岛,辽宁,0,12,11,1,0
2021-08-21 13:06:03,鞍山,辽宁,0,4,4,0,0
2021-08-21 13:06:03,锦州,辽宁,0,12,12,0,0
2021-08-21 13:06:03,盘锦,辽宁,0,11,11,0,0
2021-08-21 13:06:03,阜新,辽宁,0,8,8,0,0
2021-08-21 13:06:03,辽阳,辽宁,0,3,3,0,0
2021-08-21 13:06:03,地区待确认,辽宁,-2,0,2,0,0
2021-08-21 13:06:03,境外输入,陕西,9,420,411,0,0
2021-08-21 13:06:03,韩城,陕西,0,1,1,0,0
2021-08-21 13:06:03,渭南,陕西,0,17,17,0,0
2021-08-21 13:06:03,地区待确认,陕西,0,0,0,0,0
2021-08-21 13:06:03,咸阳,陕西,0,17,17,0,0
2021-08-21 13:06:03,汉中,陕西,0,26,26,0,0
2021-08-21 13:06:03,杨凌,陕西,0,1,1,0,0
2021-08-21 13:06:03,西安,陕西,0,121,118,3,0
2021-08-21 13:06:03,榆林,陕西,0,3,3,0,0
2021-08-21 13:06:03,商洛,陕西,0,7,7,0,0
2021-08-21 13:06:03,铜川,陕西,0,8,8,0,0
2021-08-21 13:06:03,延安,陕西,0,8,8,0,0
2021-08-21 13:06:03,宝鸡,陕西,0,13,13,0,0
2021-08-21 13:06:03,安康,陕西,0,26,26,0,0
2021-08-21 13:06:03,地区待确认,澳门,4,63,59,0,0
2021-08-21 13:06:03,境外输入,内蒙古,3,306,303,0,1
2021-08-21 13:06:03,呼伦贝尔,内蒙古,1,38,37,0,0
2021-08-21 13:06:03,包头,内蒙古,0,11,11,0,0
2021-08-21 13:06:03,呼和浩特,内蒙古,0,7,7,0,0
2021-08-21 13:06:03,乌兰察布,内蒙古,0,3,3,0,0
2021-08-21 13:06:03,锡林郭勒,内蒙古,0,9,9,0,0
2021-08-21 13:06:03,赤峰,内蒙古,0,9,9,0,0
2021-08-21 13:06:03,通辽,内蒙古,0,7,7,0,0
2021-08-21 13:06:03,鄂尔多斯,内蒙古,0,11,11,0,0
2021-08-21 13:06:03,巴彦淖尔,内蒙古,0,8,7,1,0
2021-08-21 13:06:03,兴安盟,内蒙古,0,1,1,0,0
2021-08-21 13:06:03,乌海,内蒙古,0,2,2,0,0
2021-08-21 13:06:03,江津区,重庆,2,6,4,0,0
2021-08-21 13:06:03,境外输入,重庆,1,25,24,0,0
2021-08-21 13:06:03,石柱县,重庆,0,15,15,0,0
2021-08-21 13:06:03,大足区,重庆,0,14,14,0,0
2021-08-21 13:06:03,綦江区,重庆,0,23,23,0,0
2021-08-21 13:06:03,荣昌区,重庆,0,9,9,0,0
2021-08-21 13:06:03,丰都县,重庆,0,10,10,0,0
2021-08-21 13:06:03,潼南区,重庆,0,18,18,0,0
2021-08-21 13:06:03,铜梁区,重庆,0,10,10,0,0
2021-08-21 13:06:03,南岸区,重庆,0,15,15,0,0
2021-08-21 13:06:03,九龙坡区,重庆,0,21,20,1,0
2021-08-21 13:06:03,沙坪坝区,重庆,0,9,9,0,0
2021-08-21 13:06:03,江北区,重庆,0,28,28,0,0
2021-08-21 13:06:03,两江新区,重庆,0,17,17,0,0
2021-08-21 13:06:03,万州区,重庆,0,118,114,4,0
2021-08-21 13:06:03,巴南区,重庆,0,6,6,0,0
2021-08-21 13:06:03,渝中区,重庆,0,20,20,0,0
2021-08-21 13:06:03,垫江县,重庆,0,20,20,0,0
2021-08-21 13:06:03,云阳县,重庆,0,25,25,0,0
2021-08-21 13:06:03,奉节县,重庆,0,22,22,0,0
2021-08-21 13:06:03,长寿区,重庆,0,22,22,0,0
2021-08-21 13:06:03,涪陵区,重庆,0,5,5,0,0
2021-08-21 13:06:03,渝北区,重庆,0,17,17,0,0
2021-08-21 13:06:03,彭水县,重庆,0,2,2,0,0
2021-08-21 13:06:03,忠县,重庆,0,21,21,0,0
2021-08-21 13:06:03,开州区,重庆,0,21,20,1,0
2021-08-21 13:06:03,合川区,重庆,0,23,23,0,0
2021-08-21 13:06:03,巫溪县,重庆,0,14,14,0,0
2021-08-21 13:06:03,大渡口区,重庆,0,7,7,0,0
2021-08-21 13:06:03,巫山县,重庆,0,10,10,0,0
2021-08-21 13:06:03,万盛经开区,重庆,0,1,1,0,0
2021-08-21 13:06:03,酉阳县,重庆,0,1,1,0,0
2021-08-21 13:06:03,璧山区,重庆,0,9,9,0,0
2021-08-21 13:06:03,高新区,重庆,0,4,4,0,0
2021-08-21 13:06:03,永川区,重庆,0,5,5,0,0
2021-08-21 13:06:03,武隆区,重庆,0,1,1,0,0
2021-08-21 13:06:03,梁平区,重庆,0,4,4,0,0
2021-08-21 13:06:03,城口县,重庆,0,2,2,0,0
2021-08-21 13:06:03,黔江区,重庆,0,2,2,0,0
2021-08-21 13:06:03,秀山县,重庆,0,1,1,0,0
2021-08-21 13:06:03,海口,海南,2,41,39,0,0
2021-08-21 13:06:03,保亭,海南,0,3,3,0,0
2021-08-21 13:06:03,三亚,海南,0,55,54,1,0
2021-08-21 13:06:03,儋州,海南,0,15,14,1,0
2021-08-21 13:06:03,东方,海南,0,3,2,1,0
2021-08-21 13:06:03,万宁,海南,0,13,13,0,0
2021-08-21 13:06:03,澄迈县,海南,0,9,8,1,0
2021-08-21 13:06:03,昌江县,海南,0,7,7,0,0
2021-08-21 13:06:03,境外输入,海南,0,19,19,0,0
2021-08-21 13:06:03,琼海,海南,0,6,5,1,0
2021-08-21 13:06:03,临高县,海南,0,6,6,0,0
2021-08-21 13:06:03,陵水县,海南,0,4,4,0,0
2021-08-21 13:06:03,乐东,海南,0,2,2,0,0
2021-08-21 13:06:03,文昌,海南,0,3,3,0,0
2021-08-21 13:06:03,定安县,海南,0,3,2,1,0
2021-08-21 13:06:03,琼中县,海南,0,1,1,0,0
2021-08-21 13:06:03,境外输入,黑龙江,2,394,392,0,0
2021-08-21 13:06:03,牡丹江,黑龙江,0,36,36,0,0
2021-08-21 13:06:03,绥化,黑龙江,0,536,532,4,0
2021-08-21 13:06:03,地区待确认,黑龙江,0,2,2,0,0
2021-08-21 13:06:03,齐齐哈尔,黑龙江,0,44,43,1,0
2021-08-21 13:06:03,大庆,黑龙江,0,29,28,1,0
2021-08-21 13:06:03,黑河,黑龙江,0,24,24,0,0
2021-08-21 13:06:03,哈尔滨,黑龙江,0,410,406,4,0
2021-08-21 13:06:03,大兴安岭,黑龙江,0,3,3,0,0
2021-08-21 13:06:03,双鸭山,黑龙江,0,52,49,3,0
2021-08-21 13:06:03,鸡西,黑龙江,0,46,46,0,0
2021-08-21 13:06:03,七台河,黑龙江,0,17,17,0,0
2021-08-21 13:06:03,鹤岗,黑龙江,0,5,5,0,0
2021-08-21 13:06:03,伊春,黑龙江,0,1,1,0,0
2021-08-21 13:06:03,佳木斯,黑龙江,0,15,15,0,0
2021-08-21 13:06:03,境外输入,甘肃,1,107,106,0,0
2021-08-21 13:06:03,白银,甘肃,0,4,4,0,0
2021-08-21 13:06:03,定西,甘肃,0,9,9,0,0
2021-08-21 13:06:03,地区待确认,甘肃,0,0,0,0,0
2021-08-21 13:06:03,平凉,甘肃,0,9,9,0,0
2021-08-21 13:06:03,庆阳,甘肃,0,3,3,0,0
2021-08-21 13:06:03,兰州,甘肃,0,37,35,2,0
2021-08-21 13:06:03,甘南州,甘肃,0,8,8,0,0
2021-08-21 13:06:03,天水,甘肃,0,12,12,0,0
2021-08-21 13:06:03,陇南,甘肃,0,4,4,0,0
2021-08-21 13:06:03,临夏,甘肃,0,3,3,0,0
2021-08-21 13:06:03,张掖,甘肃,0,2,2,0,0
2021-08-21 13:06:03,金昌,甘肃,0,1,1,0,0
2021-08-21 13:06:03,境外输入,吉林,1,20,19,0,0
2021-08-21 13:06:03,通化,吉林,0,313,312,1,0
2021-08-21 13:06:03,长春,吉林,0,150,150,0,0
2021-08-21 13:06:03,松原,吉林,0,6,6,0,0
2021-08-21 13:06:03,四平,吉林,0,17,16,1,0
2021-08-21 13:06:03,吉林,吉林,0,48,47,1,0
2021-08-21 13:06:03,白城,吉林,0,1,1,0,0
2021-08-21 13:06:03,公主岭,吉林,0,6,6,0,0
2021-08-21 13:06:03,辽源,吉林,0,7,7,0,0
2021-08-21 13:06:03,延边,吉林,0,5,5,0,0
2021-08-21 13:06:03,梅河口市,吉林,0,1,1,0,0
2021-08-21 13:06:03,境外输入,山西,1,117,116,0,0
2021-08-21 13:06:03,晋中,山西,0,41,41,0,0
2021-08-21 13:06:03,太原,山西,0,21,21,0,0
2021-08-21 13:06:03,大同,山西,0,12,12,0,0
2021-08-21 13:06:03,运城,山西,0,19,19,0,0
2021-08-21 13:06:03,忻州,山西,0,7,7,0,0
2021-08-21 13:06:03,晋城,山西,0,10,10,0,0
2021-08-21 13:06:03,长治,山西,0,8,8,0,0
2021-08-21 13:06:03,朔州,山西,0,8,8,0,0
2021-08-21 13:06:03,临汾,山西,0,2,2,0,0
2021-08-21 13:06:03,阳泉,山西,0,4,4,0,0
2021-08-21 13:06:03,吕梁,山西,0,6,6,0,0
2021-08-21 13:06:03,银川,宁夏,1,35,34,0,0
2021-08-21 13:06:03,境外输入,宁夏,0,4,4,0,0
2021-08-21 13:06:03,吴忠,宁夏,0,28,28,0,0
2021-08-21 13:06:03,固原,宁夏,0,5,5,0,0
2021-08-21 13:06:03,中卫,宁夏,0,3,3,0,0
2021-08-21 13:06:03,石嘴山,宁夏,0,1,1,0,0
2021-08-21 13:06:03,宁东管委会,宁夏,0,1,1,0,0
2021-08-21 13:06:03,拉萨,西藏,0,1,1,0,0
2021-08-21 13:06:03,喀什,新疆,0,80,80,0,0
2021-08-21 13:06:03,乌鲁木齐,新疆,0,845,845,0,0
2021-08-21 13:06:03,地区待确认,新疆,0,1,1,0,0
2021-08-21 13:06:03,昌吉州,新疆,0,5,5,0,0
2021-08-21 13:06:03,兵团第九师,新疆,0,4,3,1,0
2021-08-21 13:06:03,吐鲁番,新疆,0,3,3,0,0
2021-08-21 13:06:03,第八师石河子,新疆,0,4,3,1,0
2021-08-21 13:06:03,兵团第四师,新疆,0,10,9,1,0
2021-08-21 13:06:03,伊犁州,新疆,0,18,18,0,0
2021-08-21 13:06:03,六师五家渠,新疆,0,2,2,0,0
2021-08-21 13:06:03,兵团第十二师,新疆,0,3,3,0,0
2021-08-21 13:06:03,巴州,新疆,0,3,3,0,0
2021-08-21 13:06:03,第七师,新疆,0,1,1,0,0
2021-08-21 13:06:03,阿克苏,新疆,0,1,1,0,0
2021-08-21 13:06:03,境外输入,贵州,0,1,1,0,0
2021-08-21 13:06:03,贵阳,贵州,0,36,35,1,0
2021-08-21 13:06:03,遵义,贵州,0,32,32,0,0
2021-08-21 13:06:03,六盘水,贵州,0,10,9,1,0
2021-08-21 13:06:03,毕节,贵州,0,23,23,0,0
2021-08-21 13:06:03,黔南州,贵州,0,17,17,0,0
2021-08-21 13:06:03,安顺,贵州,0,4,4,0,0
2021-08-21 13:06:03,黔东南州,贵州,0,10,10,0,0
2021-08-21 13:06:03,铜仁,贵州,0,10,10,0,0
2021-08-21 13:06:03,黔西南州,贵州,0,4,4,0,0
2021-08-21 13:06:03,海北州,青海,0,3,3,0,0
2021-08-21 13:06:03,西宁,青海,0,15,15,0,0
2021-08-21 13:06:03,石家庄,河北,0,898,897,1,0
2021-08-21 13:06:03,保定,河北,0,49,49,0,0
2021-08-21 13:06:03,地区待确认,河北,0,0,0,0,0
2021-08-21 13:06:03,邢台,河北,0,94,93,1,0
2021-08-21 13:06:03,廊坊,河北,0,33,33,0,0
2021-08-21 13:06:03,境外输入,河北,0,36,36,0,0
2021-08-21 13:06:03,沧州,河北,0,49,46,3,0
2021-08-21 13:06:03,张家口,河北,0,43,43,0,0
2021-08-21 13:06:03,唐山,河北,0,58,57,1,0
2021-08-21 13:06:03,邯郸,河北,0,32,32,0,0
2021-08-21 13:06:03,承德,河北,0,7,7,0,0
2021-08-21 13:06:03,衡水,河北,0,8,8,0,0
2021-08-21 13:06:03,秦皇岛,河北,0,10,9,1,0
2021-08-21 13:06:03,境外输入,安徽,0,7,7,0,0
2021-08-21 13:06:03,六安,安徽,0,77,77,0,0
2021-08-21 13:06:03,合肥,安徽,0,176,175,1,0
2021-08-21 13:06:03,阜阳,安徽,0,156,156,0,0
2021-08-21 13:06:03,宣城,安徽,0,6,6,0,0
2021-08-21 13:06:03,池州,安徽,0,17,17,0,0
2021-08-21 13:06:03,亳州,安徽,0,108,108,0,0
2021-08-21 13:06:03,宿州,安徽,0,41,41,0,0
2021-08-21 13:06:03,滁州,安徽,0,13,13,0,0
2021-08-21 13:06:03,黄山,安徽,0,9,9,0,0
2021-08-21 13:06:03,安庆,安徽,0,83,83,0,0
2021-08-21 13:06:03,铜陵,安徽,0,29,29,0,0
2021-08-21 13:06:03,淮北,安徽,0,27,27,0,0
2021-08-21 13:06:03,马鞍山,安徽,0,38,38,0,0
2021-08-21 13:06:03,淮南,安徽,0,27,27,0,0
2021-08-21 13:06:03,蚌埠,安徽,0,160,155,5,0
2021-08-21 13:06:03,芜湖,安徽,0,34,34,0,0
2021-08-21 13:06:03,境外输入,江西,0,6,6,0,0
2021-08-21 13:06:03,南昌,江西,0,231,231,0,0
2021-08-21 13:06:03,新余,江西,0,129,129,0,0
2021-08-21 13:06:03,赣州,江西,0,74,73,1,0
2021-08-21 13:06:03,九江,江西,0,116,116,0,0
2021-08-21 13:06:03,上饶,江西,0,123,123,0,0
2021-08-21 13:06:03,抚州,江西,0,72,72,0,0
2021-08-21 13:06:03,吉安,江西,0,22,22,0,0
2021-08-21 13:06:03,萍乡,江西,0,33,33,0,0
2021-08-21 13:06:03,宜春,江西,0,106,106,0,0
2021-08-21 13:06:03,鹰潭,江西,0,18,18,0,0
2021-08-21 13:06:03,景德镇,江西,0,6,6,0,0
2021-08-21 13:06:03,赣江新区,江西,0,1,1,0,0
